id,category,name,fosterSpecific,priority,referralTrigger,eligibility,provides,access,phone,location,caveat,sourceUrl,lastVerified,referralStatus,notes
1,First call / navigation,NC 211,No,Core,A young adult has multiple needs and FARM127 is unsure where to start.,Anyone in North Carolina.,"Free, confidential, multilingual navigation to food, housing, health, transportation, legal and other community resources.","Call 2-1-1, call 888-892-1162, or search the online database.",211 / 888-892-1162,Statewide; Charlotte/Mecklenburg resources included.,Directory information changes; confirm the referred provider's current intake requirements.,https://nc211.org/about/,2026-08-05,Not contacted,
2,First call / navigation,Mecklenburg County Community Resource Centers,No,Core,Help applying for county benefits or connecting to multiple county services.,Mecklenburg County residents; program-specific eligibility applies.,"In-person access to benefit applications, case navigation and partner services.",Visit a Community Resource Center or use Mecklenburg County's contact options.,704-336-3000,"Ella B. Scarborough CRC, 430 Stitt Rd; Valerie C. Woodard CRC, 3205 Freedom Dr.",Services and walk-in hours vary by site.,https://dcr.mecknc.gov/crc,2026-08-05,Not contacted,
3,First call / navigation,City of Charlotte Community Resources Directory,No,Backup,Finding additional local providers by need area.,Charlotte-area residents; eligibility varies by listed provider.,City-maintained directory of community organizations and services.,"Search the online directory, then verify eligibility directly with the provider.",,Charlotte / Mecklenburg County.,"A directory is a starting point, not a guarantee of availability.",https://www.charlottenc.gov/Streets-and-Neighborhoods/Get-Involved/Community-Engagement/Community-Resources-Directory,2026-08-05,Not contacted,
4,First call / navigation,Mecklenburg Coordinated Entry,No,Core,"A young adult is homeless, sleeping somewhere unsafe, or likely to lose housing soon.",Individuals and families who are homeless or at risk in Mecklenburg County.,"Community entry process for shelter, diversion, rapid rehousing and supportive housing resources.",Call and complete a telephone assessment; follow instructions for an in-person assessment when requested.,704-284-9665,Mecklenburg County.,Housing is not immediate or guaranteed; callbacks may take up to two business days and programs have limited capacity.,https://css.mecknc.gov/Housing-Stabilization/coordinated-entry,2026-08-05,Not contacted,
5,First call / navigation,988 Suicide & Crisis Lifeline,No,Core,"Suicidal thoughts, mental-health crisis, severe emotional distress or concern about another person.",Anyone in the United States.,"24/7 call, text and chat crisis support and connection to local crisis services.",Call or text 988. Call 911 for an immediate life-threatening emergency.,988,Nationwide; routes to local crisis support.,Not a replacement for emergency medical response when there is immediate danger.,https://www.ncdhhs.gov/divisions/mental-health-developmental-disabilities-and-substance-use-services/crisis-services/find-mobile-crisis-team,2026-08-05,Not contacted,
6,First call / navigation,Mecklenburg Mobile Crisis (Santé Group),No,Core,A behavioral-health crisis may be managed safely in the community rather than through law enforcement or an emergency department.,People in Mecklenburg County experiencing a mental-health or substance-use crisis.,"24/7 crisis assessment, de-escalation and connection to treatment.",Call the local mobile crisis line and select option 1.,"704-566-3410, option 1",Mecklenburg County.,"Response depends on safety, staffing and clinical assessment; call 911 for immediate danger.",https://thesantegroup.org/where-we-work/mecklenburg-county-nc/,2026-08-05,Not contacted,
7,First call / navigation,Alliance Health Access and Information Line,No,Core,"Finding publicly funded mental-health, substance-use or developmental-disability services.",Alliance Health service-area residents; funding and clinical eligibility vary.,"24/7 behavioral-health information, screening and provider connection.",Call the access and information line.,877-223-4617,Mecklenburg County and Alliance Health service area.,Provider openings and funding authorization vary.,https://www.alliancehealthplan.org/news/new-provider-chosen-for-mecklenburg-county-behavioral-health-crisis-services/,2026-08-05,Not contacted,
8,First call / navigation,911 Emergency Services,No,Core,"Immediate danger, violence, overdose, serious injury, fire or a life-threatening medical emergency.",Anyone in an emergency.,"Police, fire and emergency medical response.","Call 911 and give the location, nature of the emergency and immediate safety concerns.",911,Charlotte / Mecklenburg County.,Use crisis or non-emergency resources when there is no immediate threat to life or safety.,https://cit.mecknc.gov/emergency-contacts,2026-08-05,Not contacted,
9,Foster care-specific,Mecklenburg County LINKS,Yes,Core,"A current or former foster youth needs independent-living planning, funding or case coordination.",Generally youth ages 13–21 who are or were in foster care; specific services depend on custody/status.,"Independent-living assessment, planning, education, housing and other transition assistance.",Contact Mecklenburg Youth and Family Services / LINKS.,704-336-KIDS (5437),Mecklenburg County.,Age and custody rules are strict; refer before age 21 whenever possible.,https://cfas.mecknc.gov/services/adoption-and-foster-care/LINKS,2026-08-05,Not contacted,
10,Foster care-specific,Mecklenburg Phoenix Project,Yes,Core,A former foster youth under 21 who is no longer in county custody needs transition support.,Young adults generally under age 21 who left foster care; confirm individual eligibility.,"Post-custody independent-living support, case coordination and access to eligible funds/services.",Call the Phoenix Project office and request an eligibility review.,704-336-3290,Mecklenburg County.,Do not wait until close to the 21st birthday; funding and services are eligibility-dependent.,https://cfas.mecknc.gov/services/adoption-and-foster-care/LINKS,2026-08-05,Not contacted,
11,Foster care-specific,NC Foster Care 18 to 21 / Voluntary Placement Agreement,Yes,Core,"A youth is approaching age 18 in foster care and needs continued placement, case management or financial support.",Youth who meet North Carolina's criteria and enter a voluntary agreement; generally available until age 21.,"Continued foster-care placement, case management, resources and financial assistance while pursuing an approved path.",Ask the county social worker before discharge from care; review the state eligibility rules.,,North Carolina; administered through county child welfare.,Timing matters. Leaving care without completing the agreement can make access harder.,https://www.ncdhhs.gov/assistance/guardianship/independent-living-services-transitional-age-youth,2026-08-05,Not contacted,
12,Foster care-specific,Mecklenburg GEAR Up Supplemental Income Pilot,Yes,Verify,"An eligible young adult aging out needs flexible monthly cash support for rent, food, transportation or other stability needs.",Pilot announced for certain Mecklenburg young adults ages 18–21 aging out of foster care.,Monthly supplemental income plus support coordination.,Call Mecklenburg LINKS at 704-336-KIDS and ask whether the pilot is still enrolling or accepting referrals.,704-336-KIDS (5437),Mecklenburg County.,"Pilot status, enrollment slots and funding beyond the announced cohort were not confirmed for August 2026.",https://news.mecknc.gov/gear-supplemental-income-pilot-program-young-adults-aging-out-foster-care,2026-08-05,Not contacted,
13,Foster care-specific,NC Medicaid for Former Foster Care Youth,Yes,Core,A young adult who aged out of foster care needs health coverage.,Certain young adults under age 26 who were in foster care and enrolled in Medicaid when they aged out; rules depend on foster-care state and history.,Medicaid medical and behavioral-health coverage.,Apply through ePASS or Mecklenburg County and explicitly identify former foster-care status.,704-336-3000,North Carolina.,Eligibility details changed under federal/state policy; obtain a formal Medicaid determination rather than assuming eligibility.,https://www.ncdhhs.gov/assistance/guardianship/independent-living-services-transitional-age-youth,2026-08-05,Not contacted,
14,Foster care-specific,NC Medicaid Children and Families Specialty Plan,Yes,Core,"A Medicaid-enrolled young adult with current or former child-welfare involvement needs coordinated physical, behavioral and social care.","Eligible Medicaid beneficiaries involved with the child-welfare system, including certain former foster youth under 26.",Specialized Medicaid health plan with care management and trauma-informed provider coordination.,Confirm enrollment through NC Medicaid / the specialty plan and update contact information.,,North Carolina.,Enrollment is eligibility-based; not every former foster youth will be automatically assigned.,https://medicaid.ncdhhs.gov/beneficiaries/children-and-families-specialty-plan,2026-08-05,Not contacted,
15,Foster care-specific,NC Reach,Yes,Core,Paying tuition and school costs at a North Carolina public college or university.,Eligible NC residents who aged out of foster care at 18 or were adopted from foster care after age 12; must attend at least half time at an eligible NC public institution.,State-funded last-dollar scholarship and student support.,Complete FAFSA and apply through NC Reach / CFNC.,,North Carolina public community colleges and universities.,Deadlines and satisfactory academic progress apply; begin before enrollment.,https://www.cfnc.org/pay-for-college/scholarship-search/nc-reach/,2026-08-05,Not contacted,
16,Foster care-specific,Education and Training Voucher (ETV),Yes,Core,"Paying education, training, housing, books or other approved postsecondary costs.",Eligible current/former foster youth and some youth adopted or placed in guardianship; age and status rules apply.,Federal voucher funding of up to the program limit for eligible postsecondary expenses.,Apply through the Foster Care to Success ETV portal and coordinate with LINKS/financial aid.,,North Carolina / nationwide eligible schools.,"Awards depend on eligibility, annual funding, enrollment and documentation; do not assume the full maximum.",https://www.fc2sprograms.org/,2026-08-05,Not contacted,
17,Foster care-specific,Youth Villages LifeSet,Yes,Core,"A young adult leaving foster care needs intensive, relationship-based help with housing, work, education, health and daily living.",Generally ages 17.5–23 leaving foster care; local referral and program criteria apply.,"Community-based specialist support focused on stable housing, employment, education, relationships and well-being.",Contact Youth Villages North Carolina and request a LifeSet referral assessment.,,Charlotte / North Carolina service areas.,Capacity and referral-source requirements vary; verify local Charlotte openings.,https://youthvillages.org/services/lifeset/,2026-08-05,Not contacted,
18,Foster care-specific,The Relatives — On Ramp Resource Center,Partial,Core,A young adult ages 16–24 needs one place for broad youth-centered case management and resource connection.,Young people ages 16–24 in Mecklenburg County; foster-care history is not required.,"Case management, employment, education, housing navigation, basic needs and connections to partner services.",Walk in or call the resource center.,704-344-1111,"2219 Freedom Drive, Charlotte, NC 28208.",Hours and same-day service capacity can change; call before traveling.,https://therelatives.org/our-programs/on-ramp-resource-center/,2026-08-05,Not contacted,
19,Foster care-specific,The Relatives — Young Adult Housing,Partial,Core,"A young adult ages 18–24 is homeless, at risk of homelessness or fleeing domestic violence.",Young adults ages 18–24 meeting the program's housing-risk criteria.,Scattered-site housing plus case management and support toward long-term stability.,Contact The Relatives and ask for young-adult housing screening.,704-344-1111,Mecklenburg County.,Units and subsidies are limited; eligibility does not guarantee immediate placement.,https://therelatives.org/our-programs/housing/,2026-08-05,Not contacted,
20,Foster care-specific,Charlotte Angels — Dare to Dream,Yes,Specialized,A youth or young adult in foster care needs a consistent mentor and relational support.,"Youth and young adults in foster care, generally ages 11–22; matching criteria apply.","Long-term volunteer mentoring, goal support and relational consistency.",Submit a youth/mentor inquiry through Charlotte Angels.,,Greater Charlotte area.,Mentor matching depends on volunteer availability and safety-screening processes.,https://www.charlotteangels.org/mentor,2026-08-05,Not contacted,
21,Foster care-specific,SaySo / Strong Able Youth Speaking Out,Yes,Specialized,"A current or former foster youth wants peer connection, leadership, advocacy and transition information.","Young people with out-of-home-care experience; published age ranges vary by activity, generally teens through mid-20s.","Youth-led peer network, conferences, advocacy, leadership and transition resources.",Join through SaySo or Children's Home Society of North Carolina.,,Statewide North Carolina.,Confirm the age range and event eligibility for the specific activity.,https://chsnc.org/programs-services/sayso/,2026-08-05,Not contacted,
22,Foster care-specific,HUD Foster Youth to Independence (FYI) Voucher,Yes,Verify,A former foster youth ages 18–24 is homeless or at risk and needs a time-limited housing voucher.,"Federal criteria generally include leaving foster care, ages 18–24 and homelessness/housing instability; local referral partnership is required.",Housing Choice Voucher assistance with supportive services for eligible former foster youth.,Ask Mecklenburg LINKS and INLIVIAN whether an active FYI referral pathway currently exists.,,Potentially Charlotte/Mecklenburg if locally implemented.,Federal availability does not prove local voucher availability. Treat this as a referral-pathway lead until INLIVIAN confirms.,https://www.hud.gov/hud-partners/public-indian-housing-fyi,2026-08-05,Not contacted,
23,Foster care-specific,I Am Here Vital Document Legal Hotline,Partial,Specialized,"A young person experiencing homelessness lacks a birth certificate, state ID or other vital document.",Young people experiencing homelessness; case eligibility is assessed by the hotline.,Free legal help obtaining identification and vital documents.,Call or text the hotline and leave a message if unanswered.,1-888-870-DOCS,Nationwide; accessible from Charlotte.,Published hotline hours have varied; confirm the current schedule and expect callback-based service.,https://nn4youth.org/programs/vital-document-legal-hotline-for-youth/,2026-08-05,Not contacted,
24,Foster care-specific,National Runaway Safeline,Partial,Specialized,"A young person is away from home, considering leaving, unsafe, disconnected from family or needs help returning safely.",Youth and young adults; Home Free transportation generally serves ages 12–21.,"24/7 confidential crisis support, mediated communication, local referrals and eligible transportation home.","Call 1-800-RUNAWAY, text or use online chat.",1-800-RUNAWAY,Nationwide.,Not a local housing program; transportation and reunification services have specific criteria.,https://www.1800runaway.org/,2026-08-05,Not contacted,
25,Housing / homelessness,Roof Above — Day Services Center,No,Core,"An unstably housed or homeless adult needs meals, showers, laundry, mail, charging, basic medical help or a housing entry point.",Adults experiencing homelessness or housing instability.,"Lunch, showers, laundry, restrooms, mail, device charging, ID assistance, limited bus passes and connections to shelter/housing.",Visit the Day Services Center; call Coordinated Entry first for housing/shelter assessment.,704-347-0278,"945 N. College St., Charlotte, NC 28206.",Hours and individual services vary; some assistance requires verification or sign-up.,https://www.roofabove.org/get-help/,2026-08-05,Not contacted,
26,Housing / homelessness,Roof Above — Men's Emergency Shelter,No,Core,An unaccompanied adult who identifies as male needs emergency shelter.,"Age 18+, unaccompanied and identifies as male.","Year-round shelter beds, meals, showers, laundry, employment and housing-navigation support.",Complete Coordinated Entry and follow the shelter lottery/enrollment instructions.,704-334-3187 ext. 0102,"Tryon Shelter, 1210 N. Tryon St.; Howard Levine Men's Shelter, 3406 Statesville Ave.",Beds are limited and may use a lottery; overnight overflow procedures differ.,https://www.roofabove.org/emergency-shelter/,2026-08-05,Not contacted,
27,Housing / homelessness,The Salvation Army Center of Hope,No,Core,"A woman, with or without children, needs emergency shelter.",Women and children experiencing homelessness; intake and safety criteria apply.,"Emergency shelter, food, basic needs and connections to supportive services.",Call Coordinated Entry or the Center of Hope intake line.,704-348-2560,"534 Spratt St., Charlotte, NC 28206.",Bed availability is limited; call before arrival.,https://www.salvationarmycarolinas.org/,2026-08-05,Not contacted,
28,Housing / homelessness,Crisis Assistance Ministry — Emergency Financial Assistance,No,Core,A Mecklenburg household is behind on rent or utilities or faces a short-term financial crisis.,Mecklenburg County residents who meet documentation and program requirements.,Emergency rent and utility assistance plus financial coaching.,Review required documents and apply through the Get Help process.,704-371-3001,"500-A Spratt St., Charlotte, NC 28206.",Funding is limited and changes frequently; assistance is not guaranteed and may not cover all arrears.,https://crisisassistance.org/programs/get-help/,2026-08-05,Not contacted,
29,Food / essentials,Crisis Assistance Ministry — Free Store,No,Core,"A young adult needs clothing, shoes, linens or essential household goods at no cost.",People meeting the Free Store's current service requirements.,"Free donated clothing, shoes and household items.",Check the current Free Store process and visit during service hours.,704-371-3001,"500-A Spratt St., Charlotte, NC 28206.",Inventory varies; specific sizes or items are not guaranteed.,https://crisisassistance.org/programs/get-help/,2026-08-05,Not contacted,
30,Housing / homelessness,INLIVIAN — Housing Choice Voucher and Public Housing,No,Core,A very-low-income young adult needs long-term subsidized housing.,"Income, household and program rules apply; waitlist selection is required.",Public housing and Housing Choice Voucher rental assistance.,Check the current waitlist status and apply only through official INLIVIAN channels.,,Charlotte / Mecklenburg County.,Waitlists are often closed or open only for limited periods; never pay a third party to apply.,https://www.inlivian.com/housing-choice-voucher/,2026-08-05,Not contacted,
31,Housing / homelessness,Charlotte Family Housing,No,Specialized,A family with a minor child is homeless or unstably housed and needs temporary housing plus intensive support.,Families with at least one minor child; program screening applies.,"Temporary housing, case management, employment/financial support and transition to permanent housing.",Contact the organization and complete its intake/referral process.,,Charlotte / Mecklenburg County.,Not for unaccompanied adults without children; capacity is limited.,https://www.charlottefamilyhousing.org/,2026-08-05,Not contacted,
32,Housing / homelessness,YWCA Central Carolinas — Transitional Housing,No,Specialized,A single woman or a family with children needs transitional housing and case management.,Women in Transition serves single women; Families Together serves families with minor children; screening applies.,"Furnished transitional housing, case management and stability planning.",Review the relevant housing program and request intake.,,Charlotte / Mecklenburg County.,Program fit and openings vary; this is not same-day emergency shelter.,https://ywcacentralcarolinas.org/,2026-08-05,Not contacted,
33,Housing / homelessness,Time Out Youth — Housing & Supportive Services,No,Specialized,"An LGBTQ+ young adult needs affirming housing navigation, case management or basic needs.","LGBTQ+ young adults, generally ages 18–24 for housing services; specific service ages vary.","Housing case management, document/benefit help, food, showers, laundry, clothing, education and employment support.",Contact Time Out Youth and request housing/supportive-services intake.,,Charlotte / regional service area.,Housing resources are limited and eligibility differs by program.,https://timeoutyouth.org/housing-supportive-services/,2026-08-05,Not contacted,
34,Housing / homelessness,Safe Alliance — Domestic Violence Shelter,No,Core,A young adult is fleeing intimate-partner violence or needs a confidential safety plan and shelter.,Survivors of domestic violence; adults and children; safety screening applies.,"24/7 hotline, emergency shelter, safety planning, counseling and victim support.",Call the Greater Charlotte Hope Line.,980-771-4673,Charlotte / Mecklenburg County; shelter location is confidential.,Use 911 for immediate danger. Shelter placement depends on safety and capacity.,https://www.safealliance.org/programs/domestic-violence-shelter/,2026-08-05,Not contacted,
35,Housing / homelessness,Gracious Hands Transitional Housing,No,Specialized,A woman experiencing or nearing homelessness needs transitional housing and life-skills support.,Women meeting program intake criteria; confirm whether children can be accommodated.,"Transitional housing, case management and life-skills support.",Contact the organization for a current eligibility and vacancy screening.,,Charlotte area.,Program size and openings are limited; verify current admission criteria directly.,https://www.gracioushandshousing.org/,2026-08-05,Not contacted,
36,Housing / homelessness,Crittenton of North Carolina,No,Specialized,"A pregnant or parenting young woman needs residential support, safety, education or family-stability services.",Women and families meeting the criteria for a specific Crittenton program.,"Residential and community programs supporting health, parenting, education and self-sufficiency.",Call and request screening for the appropriate program.,704-372-4663,"3350 Holabird Ln., Charlotte, NC 28208.",Programs have distinct eligibility; not all services are available to every applicant.,https://www.crittentonofnc.org/,2026-08-05,Not contacted,
37,Housing / homelessness,MiraVia College Residence,No,Specialized,A pregnant college student or new mother needs free residential support while continuing school.,"Generally age 18+, pregnant or parenting a newborn, enrolled in college and meeting program screening requirements.","Free residential community, meals/support and help continuing postsecondary education.",Review eligibility and contact MiraVia for an application.,,Belmont / greater Charlotte area.,Narrow eligibility and limited residential capacity.,https://miravia.org/,2026-08-05,Not contacted,
38,Housing / homelessness,Community Link,No,Backup,"A low- or moderate-income worker needs help obtaining or keeping safe, affordable housing or improving financial readiness.",Program-specific income and housing criteria apply.,"Housing counseling, financial literacy, homelessness services, homeownership education and referrals.",Contact Community Link and request the appropriate counseling or housing service.,704-943-9490,"601 E. 5th St., Suite 460, Charlotte, NC 28202.",Some programs focus on working households or homeownership rather than immediate shelter.,https://www.communitylinknc.org/who,2026-08-05,Not contacted,
39,Housing / homelessness,Roof Above — Rapid Rehousing & Permanent Supportive Housing,No,Core,"A person experiencing homelessness needs rental subsidy, housing navigation or long-term supportive housing.",Rapid rehousing and supportive-housing programs have different federal homelessness and vulnerability criteria.,"Housing identification, move-in/rent assistance, case management and permanent supportive housing.",Enter through Mecklenburg Coordinated Entry.,704-284-9665,Mecklenburg County.,A referral from Coordinated Entry is required; long waits and documentation requirements are common.,https://www.roofabove.org/short-term-and-transitional-housing/,2026-08-05,Not contacted,
40,Housing / homelessness,Mecklenburg Targeted Housing Assistance Program (THAP-IN),No,Verify,A young adult ages 18–24 is at imminent risk of homelessness and flexible cash support could prevent housing loss.,Pilot criteria have included Mecklenburg young adults ages 18–24 at imminent risk; current enrollment must be confirmed.,Flexible cash assistance paired with navigation/coaching.,"Ask The Relatives, Coordinated Entry or the local Continuum of Care whether the pilot is currently accepting referrals.",,Mecklenburg County.,Pilot funding and intake status were not confirmed for August 2026.,https://www.pointsourceyouth.org/mecklenburg-targeted-housing-assistance-program,2026-08-05,Not contacted,
41,Food / essentials,Mecklenburg Food and Nutrition Services (SNAP/FNS),No,Core,A low-income young adult needs recurring grocery assistance.,"Income, household and immigration/status rules apply.",Electronic benefits for purchasing eligible food.,"Apply through ePASS, a Community Resource Center or Mecklenburg County.",704-336-3000,Mecklenburg County.,Processing and verification take time; expedited benefits are available only when statutory criteria are met.,https://dcr.mecknc.gov/services/food-and-nutrition-services,2026-08-05,Not contacted,
42,Food / essentials,Nourish Up — Food Share and Meals,No,Core,A young adult or household needs pantry groceries or prepared meal support.,Charlotte/Mecklenburg residents; distribution requirements vary by program/site.,"Food pantries, grocery distribution and meal delivery through local partners.",Use the Food Share access process or call for the closest distribution option.,,Charlotte / Mecklenburg County.,"Sites, appointment rules and food availability vary.",https://nourishup.org/foodshare/,2026-08-05,Not contacted,
43,Food / essentials,Second Harvest Food Bank of Metrolina,No,Core,Finding an emergency food pantry or getting help applying for SNAP.,Residents in the regional service area; partner pantry rules vary.,"Food locator, partner pantry network and SNAP application assistance.",Use the Need Food locator; contact a listed partner before traveling.,,Charlotte region / Metrolina.,The warehouse generally is not a public walk-in pantry; service is delivered through partners.,https://www.secondharvestmetrolina.org/need-food,2026-08-05,Not contacted,
44,Food / essentials,Mecklenburg WIC,No,Specialized,"A pregnant person, new parent or caregiver of a child under five needs nutrition support.","Pregnant, postpartum or breastfeeding people and children under five who meet income/nutrition criteria.","Healthy-food benefits, nutrition education, breastfeeding support and health referrals.",Call Mecklenburg Public Health to apply or schedule an appointment.,704-336-6500,Mecklenburg County.,Not available to young adults without pregnancy/young-child eligibility.,https://health.mecknc.gov/,2026-08-05,Not contacted,
45,Benefits / financial,Mecklenburg Department of Community Resources — Apply for Benefits,No,Core,"A young adult may qualify for Medicaid, SNAP, Work First, energy or other public benefits.",Mecklenburg County residents; each benefit has separate eligibility.,Application intake and case processing for major county-administered benefits.,Apply online through ePASS or contact Mecklenburg County.,704-336-3000,Mecklenburg County.,One application does not guarantee eligibility; submit requested documents promptly.,https://dcr.mecknc.gov/Apply-for-Benefits,2026-08-05,Not contacted,
46,Benefits / financial,Mecklenburg Energy Assistance (LIEAP/CIP),No,Core,A low-income household is struggling with heating/cooling bills or faces an energy crisis.,Income and program-specific household criteria apply.,Seasonal energy assistance and crisis intervention payments.,Apply through Mecklenburg County during the applicable program period.,704-336-3000,Mecklenburg County.,Funding is seasonal and finite; application windows and priority groups change.,https://dcr.mecknc.gov/energy,2026-08-05,Not contacted,
47,Benefits / financial,Work First Family Assistance (TANF),No,Specialized,A very-low-income young adult is caring for a child and needs cash assistance plus employment services.,Low-income families with children; work and program participation rules apply.,"Time-limited cash assistance, employment services and supportive benefits.",Apply through Mecklenburg Department of Community Resources.,704-336-3000,Mecklenburg County.,Generally not available to childless adults; sanctions and time limits apply.,https://dcr.mecknc.gov/Apply-for-Benefits,2026-08-05,Not contacted,
48,Benefits / financial,Common Wealth Charlotte,No,Core,"A young adult needs budgeting, credit repair, banking access, debt planning or a safe small-dollar loan option.",Charlotte-area residents; specific products/services have eligibility rules.,"Free financial counseling, workshops, safe banking access, credit guidance and eligible 0% loans after counseling.",Call or schedule a financial counseling session.,980-636-1262,"5301 Wilkinson Blvd., Charlotte, NC 28208.",Loans are not automatic; participation and underwriting criteria apply.,https://www.commonwealthcharlotte.org/,2026-08-05,Not contacted,
49,Parenting / family,Child Care Resources Inc. — Child Care Subsidy Support,No,Core,"A parenting young adult needs affordable child care to work, attend school or training.","Families meeting income, activity and child-age criteria; waitlists may apply.",Help understanding and applying for child-care subsidy plus child-care search support.,Call the subsidy information line or use the website.,704-348-2181,Mecklenburg County / regional.,Subsidy funding and waitlists fluctuate; child-care placement is separate from subsidy approval.,https://www.childcareresourcesinc.org/child-care-subsidy,2026-08-05,Not contacted,
50,Benefits / financial,Social Security — SSI / SSDI,No,Specialized,A young adult has a documented disability that substantially limits work and may qualify for federal income support.,"Federal disability, work-credit and financial criteria apply.",Monthly disability income and potential connection to health coverage.,Apply through the Social Security Administration; gather medical and work documentation.,800-772-1213,Federal; local offices serve Charlotte.,Applications are evidence-heavy and often denied initially; legal assistance may be useful for appeals.,https://www.ssa.gov/benefits/disability/,2026-08-05,Not contacted,
51,Health care,Teen Health Connection,No,Core,"A young person needs adolescent/young-adult primary care, behavioral health, nutrition or health education in one setting.",Generally ages 11–25.,Integrated medical and behavioral-health care tailored to adolescents and young adults.,Call for an appointment.,704-381-8336,"3541 Randolph Rd., Suite 206, Charlotte, NC 28211.","Insurance, sliding-fee and service eligibility should be confirmed when scheduling.",https://teenhealthconnection.org/,2026-08-05,Not contacted,
52,Health care,Care Ring Low-Cost Clinic,No,Core,An uninsured or underinsured adult needs affordable primary care.,Adults meeting the clinic's service and financial criteria.,"Low-cost primary care, chronic-disease management and care coordination.",Call for eligibility and an appointment.,704-375-0172,"1514 N. Graham St., Charlotte, NC 28206.",Not an emergency clinic; appointment availability varies.,https://careringnc.org/low-cost-clinic/,2026-08-05,Not contacted,
53,Health care,Charlotte Community Health Clinic,No,Core,"An uninsured, underinsured or Medicaid-covered person needs primary, dental or behavioral care.",Open to community patients; discount eligibility is based on income and household size.,"Primary care, dental, behavioral health and pharmacy-related support.",Call for a new-patient appointment and ask about the discount program.,704-316-6561,Multiple Charlotte-area locations.,Appointment availability and service mix differ by location.,https://charlottecommunityhealth.org/en/,2026-08-05,Not contacted,
54,Health care,C.W. Williams Community Health Center,No,Core,A young adult needs affordable primary care through a federally qualified health center.,Community patients; sliding-fee eligibility depends on income and documentation.,Primary care and related health services regardless of ability to pay.,Call to establish care and ask about sliding-fee documentation.,704-393-7720,Charlotte.,Bring income/insurance information; specialty access may require referral.,https://cwwilliams.org/,2026-08-05,Not contacted,
55,Health care,Camino Health Center,No,Specialized,"A Spanish-speaking or immigrant young adult needs culturally responsive primary care, behavioral health, wellness or food support.","Community patients, especially uninsured/underinsured Latino families; program-specific criteria apply.","Bilingual primary care, behavioral health, wellness education and food pantry support.",Contact Camino and request the appropriate service.,,"201 Stetson Dr., Charlotte, NC 28262.",Some services may be limited to established health-center patients.,https://camino.org/,2026-08-05,Not contacted,
56,Health care,Mecklenburg Free and Low-Cost Clinic Directory,No,Backup,FARM127 needs to compare multiple safety-net clinics by location and service.,Eligibility varies by clinic.,"County list of free and low-cost medical, dental and specialty-care providers.","Use the directory, then call the selected clinic to verify intake.",,Mecklenburg County.,Directory listings do not guarantee a provider is accepting new patients.,https://health.mecknc.gov/FreeLowCostClinics,2026-08-05,Not contacted,
57,Health care,Mecklenburg Public Health — HIV/STI Testing and Treatment,No,Core,"A young adult needs confidential HIV/STI testing, treatment or prevention counseling.",Community members; service costs and appointment rules depend on test/treatment needs.,"HIV/STI testing, treatment, education and referral.",Call 704-432-TEST for testing help or 704-336-6500 for clinic appointments.,704-432-8378 / 704-336-6500,Mecklenburg County public-health clinics and community sites.,Walk-in and appointment procedures can change; call for current instructions.,https://health.mecknc.gov/clinical-services/STI-testing-treatment,2026-08-05,Not contacted,
58,Health care,RAO Community Health — HIV/STI Services,No,Specialized,"A young adult needs free rapid HIV, hepatitis C or syphilis testing, PrEP or HIV-related care.",Community members; some free services are limited to Mecklenburg residents.,"Testing, treatment linkage, PrEP and HIV supportive services.",Call or schedule through RAO Community Health.,704-237-8793,Charlotte.,Clinic schedules and free-service eligibility vary.,https://raoassist.org/clinical-services/,2026-08-05,Not contacted,
59,Health care,Planned Parenthood — Charlotte Health Center,No,Specialized,"A young adult needs reproductive health care, contraception, pregnancy testing or STI services.",Patients seeking covered services; fees and consent rules depend on service and age.,"Sexual and reproductive health services, including STI testing and treatment.",Call or book through the Charlotte Health Center.,704-536-7233,Charlotte.,"Services, costs and insurance participation should be confirmed before the visit.",https://www.plannedparenthood.org/health-center/north-carolina/charlotte/28204/charlotte-health-center-2703-90860/std-testing-treatment,2026-08-05,Not contacted,
60,Parenting / family,Care Ring Nurse-Family Partnership,No,Specialized,A first-time parent with limited resources needs home-visiting support during pregnancy and early childhood.,"First-time mothers meeting pregnancy timing, income and service-area criteria.","Nurse home visits, prenatal/parenting education, health support and connection to resources.",Call or text for eligibility screening.,980-900-8132,Mecklenburg County / service area.,Enrollment must occur during pregnancy and capacity may be limited.,https://careringnc.org/nurse-family-partnership/,2026-08-05,Not contacted,
61,Mental health / substance use,NAMI Charlotte,No,Backup,"A young adult or supporter needs mental-health education, peer/family support or crisis-resource guidance.",Programs vary; many are free and open to people affected by mental illness.,"Support groups, education, advocacy and crisis-resource information.",Use the website to find a current group or program.,,Charlotte / Mecklenburg County.,NAMI is not a crisis-response or clinical-treatment provider.,https://namicharlotte.org/crisis-info/,2026-08-05,Not contacted,
62,Mental health / substance use,Anuvia Prevention & Recovery Center,No,Core,"A young adult needs substance-use assessment, detox, outpatient or residential treatment.","Adolescents and adults; clinical, payer and program criteria apply.","Prevention, assessment, detoxification, residential and outpatient substance-use treatment.",Call the main line for assessment; use the detox line for withdrawal-management intake.,704-376-7447 / detox 704-445-6900,Charlotte / Mecklenburg County.,Level of care is determined clinically; bed availability and payment coverage vary.,https://www.anuvia.org/,2026-08-05,Not contacted,
63,Mental health / substance use,McLeod Centers for Wellbeing,No,Core,"A young adult needs evidence-based substance-use treatment, including outpatient or medication-assisted care.",Adolescents/adults depending on program; clinical and payer criteria apply.,Substance-use assessment and treatment across multiple levels of care.,Call for screening and the appropriate Charlotte-area program.,704-332-9001,Charlotte / regional.,"Program openings, insurance and medication-treatment criteria vary.",https://www.mcleodcenters.org/,2026-08-05,Not contacted,
64,Specialized / inclusion,Time Out Youth — Counseling and Support,No,Specialized,"An LGBTQ+ youth or young adult needs affirming counseling, groups, case support or community.","LGBTQ+ youth and young adults; age range varies by service, generally through age 24.","Free/low-cost counseling, support groups, case management, community and practical services.",Contact Time Out Youth for intake and the current service calendar.,,Charlotte / regional.,Not every service is available to every age; housing and therapy may have separate waitlists.,https://timeoutyouth.org/services/,2026-08-05,Not contacted,
65,Education / employment,NCWorks NextGen — Charlotte Works,No,Core,"A young adult needs career coaching, paid work experience, training or help overcoming barriers to employment.",Generally ages 16–24 with one or more employment/education barriers; program eligibility applies.,"No-cost career planning, training, credentials, supportive services and work-based learning.",Complete a NextGen interest/intake form through Charlotte Works or Central Piedmont.,,Charlotte / Mecklenburg County.,Eligibility and funding-supported services require documentation; enrollment is not instant.,https://www.charlotteworks.com/services/youth-young-adults/,2026-08-05,Not contacted,
66,Education / employment,NCWorks Career Centers — Charlotte Works,No,Core,"Any job seeker needs resume help, job-search support, workshops or connection to employers.",Job seekers; some funded training programs have additional eligibility.,"Free career-center services, computers, workshops, job matching and training navigation.",Visit or contact a local NCWorks Career Center.,,Charlotte / Mecklenburg County.,Training funds and program slots are limited; general career services remain free.,https://www.charlotteworks.com/services/career-services/,2026-08-05,Not contacted,
67,Education / employment,Central Piedmont — Finish High School (GED/HiSET),No,Core,A young adult needs a high-school equivalency credential.,Adults and eligible minors under program rules; placement/orientation requirements apply.,Free preparation classes for GED or HiSET and adult high-school options.,Complete the Central Piedmont orientation/enrollment steps.,,Central Piedmont campuses / online options.,Testing fees and class schedules may vary even when instruction is free.,https://www.cpcc.edu/programs/finish-high-school,2026-08-05,Not contacted,
68,Education / employment,Central Piedmont — College and Career Readiness,No,Core,"A young adult needs foundational academic, English-language, adult high-school or transition-to-college support.",Program-specific eligibility and placement requirements.,"Adult education, English-language learning, high-school completion and career/college transition.",Follow Central Piedmont's CCR enrollment process.,,Mecklenburg County.,"Course locations, formats and start dates vary.",https://www.cpcc.edu/admissions/enroll/college-and-career-readiness,2026-08-05,Not contacted,
69,Education / employment,Goodwill Industries of the Southern Piedmont — Charlotte Career Center,No,Core,"A young adult needs hands-on job search help, computer access, training enrollment or career coaching.",Open career-center services; individual training programs have separate criteria.,"Resume/job-search help, computers, career coaching and access to skills training.",Visit the Charlotte Career Center or review the training calendar.,,Charlotte.,Course demand and enrollment windows vary.,https://goodwillsp.org/charlotte-career-center/,2026-08-05,Not contacted,
70,Education / employment,Urban League of Central Carolinas,No,Core,A young adult wants no-cost occupational training and job placement support.,"Program-specific age, education and income criteria may apply.","Training pathways including skilled trades, technology, customer service and healthcare-related programs.",Contact the Urban League and request current program enrollment information.,704-373-2256,"740 W. 5th St., Charlotte, NC 28202.","Course offerings, prerequisites and cohorts change.",https://www.urbanleaguecc.org/,2026-08-05,Not contacted,
71,Education / employment,Road to Hire,No,Specialized,"A young adult wants paid training, mentorship and a pathway into a technical or professional career.","Young adults meeting the current cohort's age, education and employment criteria.","Paid training, professional development, mentorship and employer connections/apprenticeships.",Review current programs and apply during an open cohort.,,Charlotte region.,Cohort eligibility and recruiting periods change; verify the current program before referring.,https://www.roadtohire.org/our-programs,2026-08-05,Not contacted,
72,Education / employment,Year Up United — Charlotte,No,Specialized,"A young adult wants structured job training, internship experience and employer access.","Young adults meeting the Charlotte program's current age, education and work-authorization criteria.","Career training, coaching, internship and job-placement support.",Attend an information session and complete the application.,,Charlotte.,Cohorts are competitive and time-bound; confirm current age and enrollment criteria.,https://www.yearup.org/locations/charlotte-nc,2026-08-05,Not contacted,
73,Education / employment,Mecklenburg County — More Than a Job NC,No,Backup,FARM127 needs a county-curated list of free job-driven training providers.,Eligibility varies by partner program.,Connections to free workforce training through partners such as Goodwill and Urban League.,Review the listed partners and apply with the relevant training provider.,,Mecklenburg County.,"This is a referral page, not a separate guaranteed-benefit program.",https://dcr.mecknc.gov/employment/more-than-a-job,2026-08-05,Not contacted,
74,Education / employment,NC Employment and Independence for People with Disabilities (Vocational Rehabilitation),No,Core,"A young adult with a disability needs help preparing for, obtaining or keeping employment.","A physical, mental, intellectual or sensory disability that creates a substantial barrier to employment; formal eligibility assessment required.","Vocational counseling, training, job placement, assistive support and independent-living services.",Request services through the state EIPD office.,,North Carolina / local offices.,Eligibility and an individualized employment plan are required; services are not general cash assistance.,https://www.ncdhhs.gov/eipd,2026-08-05,Not contacted,
75,Education / employment,Charlotte Mecklenburg Library — College & Career Prep,No,Backup,"A young adult needs free online learning, resume tools, test preparation or library-based career resources.",Library card/access requirements apply to some digital tools.,"Career, college, test-prep, technology and learning resources.",Use the Digital Branch or ask a library staff member for help.,,Charlotte / Mecklenburg County.,Not a case-management or placement program; resource availability depends on library subscriptions.,https://digitalbranch.cmlibrary.org/college-career-prep/,2026-08-05,Not contacted,
76,Education / employment,Dress for Success Charlotte,No,Specialized,"A low-income woman needs interview clothing, a work wardrobe and job-readiness support.",Women referred through partner agencies or meeting current intake rules.,"Interview/employment styling, career coaching, financial education and professional development.",Request referral/intake instructions before visiting.,,Charlotte.,Services are designed for women and often require a referral appointment.,https://charlotte.dressforsuccess.org/about-us/what-we-do/,2026-08-05,Not contacted,
77,Education / employment,UNC Charlotte Niner Needs,No,Specialized,"A currently enrolled UNC Charlotte student needs food, housing, transportation, technology, legal or emergency support.",Current UNC Charlotte students; each support has its own criteria.,Campus basic-needs navigation and emergency-support resources.,Use the Niner Needs site and contact the relevant campus office.,,UNC Charlotte.,Only useful for enrolled students; emergency funds and services are limited.,https://ninerneeds.charlotte.edu/,2026-08-05,Not contacted,
78,Transportation,CATS Fares and Passes,No,Core,"A young adult needs to compare daily fares, passes and transit payment options.",Public transit riders.,"Bus and light-rail fare information, passes and payment guidance.",Use the official fare page and the current CATS payment method.,,Charlotte / Mecklenburg transit service area.,Fares and pass products can change; verify before budgeting.,https://www.charlottenc.gov/CATS/Fares-Passes,2026-08-05,Not contacted,
79,Transportation,CATS Reduced Fare Transit IDs,No,Specialized,"A rider with a qualifying disability, Medicare status or student category may be eligible for reduced fares.",Qualifying riders under current CATS rules; documentation required.,Reduced-fare identification and discounted transit fares.,Review documentation and apply for the appropriate Transit ID.,,Charlotte / Mecklenburg transit service area.,Not all low-income adults qualify; approval is category-based.,https://www.charlottenc.gov/CATS/Fares-Passes/Transit-IDs,2026-08-05,Not contacted,
80,Transportation,Mecklenburg Transportation System (MTS),No,Specialized,An eligible resident needs non-emergency medical or human-services transportation.,"Medicaid beneficiaries and other qualifying residents based on age, disability or program status.",Scheduled non-emergency medical and eligible general transportation.,Call for eligibility and trip scheduling; Medicaid members may also need health-plan authorization.,704-336-4547,Mecklenburg County.,Advance scheduling and eligibility verification are required; not an on-demand ride service.,https://cfas.mecknc.gov/services/mecklenburg-transportation-system,2026-08-05,Not contacted,
81,Legal / identity / safety,Charlotte Center for Legal Advocacy,No,Core,"A low-income young adult needs civil legal help involving benefits, housing, health care, immigration, taxes or expunction.",Low-income residents and issue-specific service criteria.,"Free civil legal advocacy, advice and representation in selected matters.",Call the intake line or use Get Help; Spanish intake is available.,704-376-1600 / Spanish 800-247-1931,Charlotte / regional.,The organization cannot accept every case; legal deadlines continue while intake is pending.,https://charlottelegaladvocacy.org/get-help/,2026-08-05,Not contacted,
82,Legal / identity / safety,Legal Aid of North Carolina,No,Core,"A low-income young adult needs help with eviction, domestic violence, consumer issues, benefits or another civil legal problem.",Low-income North Carolina residents; issue and conflict screening apply.,"Free civil legal information, advice and representation in eligible cases.",Apply online or call the statewide helpline.,1-866-219-5262,North Carolina; Charlotte office/service area.,High demand means not every eligible applicant receives representation.,https://legalaidnc.org/apply/,2026-08-05,Not contacted,
83,Legal / identity / safety,Mecklenburg County Office of Vital Records,No,Core,"A young adult needs a Mecklenburg birth or death certificate for identification, benefits, school or employment.",Eligible applicants under state vital-record rules; identification and fees apply.,Certified vital records.,"Order online, by mail or in person using the county's instructions.",,"618 N. College St., Charlotte, NC 28202.",Only records in the office's jurisdiction are available; fees and ID requirements apply.,https://health.mecknc.gov/services/office-vital-records,2026-08-05,Not contacted,
84,Legal / identity / safety,Safe Alliance — Victim Assistance and Sexual Assault Services,No,Core,"A survivor needs crisis counseling, court advocacy, sexual-assault support or help navigating protective options.","Survivors of domestic violence, sexual assault or related victimization.","24/7 hotline, hospital accompaniment, counseling, court advocacy and safety planning.",Call the Greater Charlotte Hope Line.,980-771-4673,Charlotte / Mecklenburg County.,Call 911 for immediate danger; legal representation may require referral to a legal-services provider.,https://www.safealliance.org/,2026-08-05,Not contacted,
85,Legal / identity / safety,Mecklenburg County Re-Entry Services,No,Specialized,"A young adult recently released from incarceration needs employment, education, identification or service coordination.",Generally Mecklenburg residents within one year of release; confirm current criteria.,"Re-entry case management, employment preparation, education and community-service connections.",Call the Re-Entry Services office for screening.,980-314-1750,Mecklenburg County.,Eligibility is tied to justice involvement and release timing.,https://cjs.mecknc.gov/Services/Re-Entry,2026-08-05,Not contacted,
86,Legal / identity / safety,Center for Community Transitions,No,Specialized,"A person affected by incarceration needs re-entry employment, family support or transition services.",People with current/former justice-system involvement and their families; program criteria vary.,"Employment readiness, re-entry support and family-focused programs.",Contact the organization for the appropriate program intake.,,Charlotte / Mecklenburg County.,Programs serve specific justice-involved populations; verify fit before referral.,https://centerforcommunitytransitions.org/,2026-08-05,Not contacted,
87,Legal / identity / safety,National Human Trafficking Hotline,No,Core,"A young adult may be experiencing labor or sex trafficking, exploitation or coercive control.",Anyone seeking help or reporting a concern.,"24/7 confidential safety planning, crisis support and connection to local services.","Call, text or use online chat; call 911 for immediate danger.",1-888-373-7888 / text BEFREE to 233733,Nationwide; local Charlotte referrals.,Hotline staff coordinate options but cannot guarantee immediate housing or law-enforcement response.,https://www.nccourts.gov/commissions/human-trafficking-commission/human-trafficking-charlotte-psa-campaign,2026-08-05,Not contacted,
88,Legal / identity / safety,Hope for Justice — North Carolina Regional Center,No,Specialized,A trafficking survivor needs trauma-informed case management and longer-term support.,Survivors meeting program criteria; confirm geographic and program eligibility.,"Trauma-informed advocacy, case management and connection to housing, health and legal resources.",Contact the North Carolina regional program for screening.,,Charlotte / North Carolina region.,Capacity and referral criteria vary; this is not a 24/7 emergency hotline.,https://hopeforjustice.org/news/hope-for-justice-north-carolina-regional-center-formerly-lily-pad-haven/,2026-08-05,Not contacted,
89,Parenting / family,Smart Start of Mecklenburg County,No,Backup,"A parenting young adult needs early-childhood, parenting or child-development resources.",Families and caregivers of young children; program eligibility varies.,"Parent education, early-childhood navigation and connections to family supports.",Use the families/caregivers resource page or contact Smart Start.,,Mecklenburg County.,Smart Start coordinates and funds multiple programs; availability depends on the specific partner.,https://www.smartstartofmeck.org/families-caregivers/,2026-08-05,Not contacted,
90,Specialized / inclusion,Disability Rights & Resources,No,Core,"A young adult with a disability needs independent-living skills, advocacy, benefits navigation or accessibility support.",People with disabilities; specific services may have geographic or program criteria.,"Independent-living skills, advocacy, transportation guidance, budgeting and employment-related support.",Contact the Center for Independent Living and request an intake.,,Charlotte / regional.,"This is an independent-living and advocacy organization, not residential care or emergency assistance.",https://disability-rights.org/,2026-08-05,Not contacted,
